standard_source,standard_target
CALM3,TRPC1
CALM1,TRPC1
CALM2,TRPC1
CAV1,TRPC1
CALM3,TRPC3
CALM1,TRPC3
CALM2,TRPC3
EPOR,TRPC3
CALM3,TRPC6
CALM1,TRPC6
CALM2,TRPC6
SRC,TRPC6
FYN,TRPC6
NPHS1,TRPC6
CALM3,TRPV1
CALM1,TRPV1
CALM2,TRPV1
SRC,TRPV1
CALM3,TRPV4
CALM1,TRPV4
CALM2,TRPV4
SRC,TRPV4
FYN,TRPV4
LCK,TRPV4
LYN,TRPV4
CALM3,TRPV5
CALM1,TRPV5
CALM2,TRPV5
S100A10,TRPV5
KL,TRPV5
CALM3,TRPV6
CALM1,TRPV6
CALM2,TRPV6
S100A10,TRPV6
KL,TRPV6
TRPV5,TRPV6
TP53,TRPM2
CALM3,MYLK
CALM1,MYLK
CALM2,MYLK
SRC,MYLK
CALM3,MYLK2
CALM1,MYLK2
CALM2,MYLK2
CALM3,CAMK2A
CALM1,CAMK2A
CALM2,CAMK2A
GNRH1,CAMK2A
CALM3,ATP2B1
CALM1,ATP2B1
CALM3,NOS1
CALM1,NOS1
CALM2,NOS1
CALM3,CAMK4
CALM1,CAMK4
CALM2,CAMK4
CALM3,ADCY1
CALM1,ADCY1
CALM2,ADCY1
GNAI2,ADCY1
GNAI1,ADCY1
GNAI3,ADCY1
GNAS,ADCY1
CALM3,EEF2K
CALM1,EEF2K
CALM2,EEF2K
CALM3,CAMKK2
CALM1,CAMKK2
CALM2,CAMKK2
CALM3,GRIN2A
CALM1,GRIN2A
CALM2,GRIN2A
SRC,GRIN2A
FYN,GRIN2A
CALM3,ITPR1
CALM1,ITPR1
CALM2,ITPR1
FYN,ITPR1
LYN,ITPR1
ERP44,ITPR1
GNB2,PLCB1
GNA11,PLCB1
CALM3,DAPK1
CALM1,DAPK1
CALM2,DAPK1
SRC,DAPK1
NEO1,DAPK1
UNC5B,DAPK1
HSP90AA1,DAPK1
PTPRF,DAPK1
PTPN11,NRAS
SRC,GRK2
EGFR,GRK2
EGF,GRK2
GNB2,GRK2
ROR2,GRK2
CALM3,RYR1
CALM1,RYR1
CALM3,GRM7
CALM1,GRM7
CALM2,GRM7
CALM3,DRD2
SRC,EGFR
LYN,EGFR
JAK2,EGFR
TP53,EGFR
TGFA,EGFR
AR,EGFR
EGF,EGFR
PTPN6,EGFR
PTPRJ,EGFR
CBL,EGFR
PTPN11,EGFR
MMP2,EGFR
PTPRK,EGFR
HGF,EGFR
TGFB1,EGFR
NRG3,EGFR
AREG,EGFR
HBEGF,EGFR
AXL,EGFR
BTC,EGFR
NTS,EGFR
TNC,EGFR
EREG,EGFR
PTPRS,EGFR
PTPRG,EGFR
EPN1,EGFR
EPGN,EGFR
ICAM1,EGFR
DCN,EGFR
PDCD6IP,EGFR
CMTM8,EGFR
CALM3,CAMKK1
CALM1,CAMKK1
FGF13,SCN8A
FGF14,SCN8A
CALM3,NOS3
CALM1,NOS3
CALM2,NOS3
SRC,NOS3
TP53,NOS3
PRKCI,NOS3
HSP90AA1,NOS3
PRKCZ,NOS3
VEGFA,NOS3
KDR,NOS3
KNG1,NOS3
GHRL,NOS3
ADIPOQ,NOS3
ACTN4,NOS3
KL,INSR
PTPN13,INSR
IGF1,INSR
PTPRF,INSR
IGF2,INSR
PTPRJ,INSR
PTPRH,INSR
INS,INSR
PTPRB,INSR
PTPRG,INSR
ENPP1,INSR
SRC,ESR1
EGFR,ESR1
LCK,ESR1
JAK2,ESR1
TP53,ESR1
ERBB2,ESR1
AR,ESR1
TXN,ESR1
NCOR1,ESR1
ERBB4,ESR1
NR0B2,ESR1
PRL,ESR1
COL1A1,GP6
PRKCZ,GRM5
SRC,AR
CASP8,AR
HSP90AA1,AR
GSN,AR
HNRNPK,AR
HSPB1,AR
STUB1,AR
NR0B2,AR
PA2G4,AR
CALR,AR
EPHA3,AR
PRDX1,AR
CD34,SELL
PODXL2,SELL
SRC,CACNA1C
CALM3,ADCY8
CALM1,ADCY8
GNAS,ADCY8
CALM3,CAMK2D
CALM1,CAMK2D
CALM2,CAMK2D
CALM3,CAMK2B
GNRH1,CAMK2B
CALM3,CAMK2G
CALM1,CAMK2G
CALM3,CAMK1
CALM1,CAMK1
EGFR,ABCA1
MEGF10,ABCA1
APOA1,ABCA1
GNAS,ADCY3
TRAF2,MAP2K3
TNFRSF1A,MAP2K3
MAP3K1,MAP2K3
TRAF2,MAP2K6
TNFRSF1A,MAP2K6
MAP3K1,MAP2K6
SRC,CTNNB1
FYN,CTNNB1
NTRK1,CTNNB1
EGFR,CTNNB1
IGF1R,CTNNB1
WNT1,CTNNB1
KIT,CTNNB1
ERBB2,CTNNB1
CDH1,CTNNB1
MET,CTNNB1
AR,CTNNB1
PRKCZ,CTNNB1
PTPRF,CTNNB1
LRP6,CTNNB1
PTPN6,CTNNB1
PTPRJ,CTNNB1
APC,CTNNB1
YAP1,CTNNB1
WNT3A,CTNNB1
CDH2,CTNNB1
WNT2,CTNNB1
PSEN1,CTNNB1
FGFR1,CTNNB1
CDH10,CTNNB1
PTPRZ1,CTNNB1
FZD1,CTNNB1
CDH15,CTNNB1
FZD5,CTNNB1
CDH7,CTNNB1
CDH3,CTNNB1
CDH11,CTNNB1
PTK7,CTNNB1
CDH6,CTNNB1
PTPRM,CTNNB1
CDH5,CTNNB1
CDH9,CTNNB1
CTNNA3,CTNNB1
CDH16,CTNNB1
PTPRU,CTNNB1
CDH24,CTNNB1
CDH8,CTNNB1
GDNF,TH
SRC,GRIN2B
FYN,GRIN2B
PTPN11,GRIN2B
EPHB2,GRIN2B
PTPRG,GRIN2B
FGFR1,CREBBP
EGFR,CALM1
INSR,CALM1
EGFR,CALM2
INSR,CALM2
ADM,CALCR
ADM2,CALCR
CALCA,CALCR
CALCB,CALCR
IAPP,CALCR
CRH,CRHR1
UCN,CRHR1
UCN2,CRHR1
UCN3,CRHR1
HAS2,HMMR
ADCYAP1,ADCYAP1R1
VIP,ADCYAP1R1
GRK2,OPRM1
POMC,OPRM1
PDYN,OPRM1
PENK,OPRM1
GCG,GLP1R
SCT,SCTR
VIP,SCTR
GCG,GLP2R
NME2,KCNN4
PTHLH,PTH2R
PTH2,PTH2R
PTH,PTH2R
ADCYAP1,VIPR1
VIP,VIPR1
GHRH,VIPR1
PTPN13,FAS
TP53,FAS
MET,FAS
BTK,FAS
FASLG,FAS
EGFR,CALM3
INSR,CALM3
SRC,ABL1
FYN,ABL1
NTRK1,ABL1
LCK,ABL1
LYN,ABL1
PTPN13,ABL1
ERBB2,ABL1
CDON,ABL1
PTPRG,ABL1
PTPN13,SRC
ERBB2,SRC
CDH1,SRC
PRKCI,SRC
HSP90AA1,SRC
PRKCZ,SRC
EGF,SRC
PDGFRB,SRC
GNAI2,SRC
PTPRJ,SRC
PTPRH,SRC
PTPN11,SRC
GNAI1,SRC
EPHB2,SRC
PDGFRA,SRC
EPHA3,SRC
AFDN,SRC
PTN,SRC
PTPRB,SRC
ITGB1,SRC
PTPRG,SRC
ROR1,SRC
S1PR1,SRC
ACTN1,SRC
ITGB5,SRC
PTK2,GRB7
KIT,GRB7
RET,GRB7
INSR,GRB7
ERBB3,GRB7
PTPN11,GRB7
TEK,GRB7
EPHB1,GRB7
CAV1,PDGFRA
PDGFRB,PDGFRA
CBL,PDGFRA
TGFB1,PDGFRA
PDGFC,PDGFRA
PDGFA,PDGFRA
PDGFB,PDGFRA
PTPRG,PDGFRA
CAV1,PDGFRB
PTPRJ,PDGFRB
CBL,PDGFRB
GRK2,PDGFRB
PDGFC,PDGFRB
PDGFA,PDGFRB
PDGFB,PDGFRB
PDGFD,PDGFRB
PTPRG,PDGFRB
CAV1,LRP6
SRC,LRP6
WNT1,LRP6
WNT5A,LRP6
DKK1,LRP6
FZD8,LRP6
WNT3A,LRP6
WNT2,LRP6
WNT3,LRP6
WNT7A,LRP6
WNT10B,LRP6
KREMEN1,LRP6
KREMEN2,LRP6
GRK5,LRP6
RSPO1,LRP6
FZD5,LRP6
ZNRF3,LRP6
CCN2,LRP6
WNT9A,LRP6
WNT9B,LRP6
SOST,LRP6
DKK4,LRP6
SMO,FYN
PDGFRB,FYN
IL7R,FYN
PTPRC,FYN
EPHA4,FYN
EPHA3,FYN
S1PR1,FYN
CAV1,MMP14
CCL2,MMP14
FURIN,MMP14
TIMP3,MMP14
CAV1,SOS1
SRC,SOS1
FYN,SOS1
EGFR,SOS1
PIK3R1,SOS1
ERBB2,SOS1
EGF,SOS1
MMP14,TGFB1
FURIN,TGFB1
MMP2,TGFB1
TGFB2,TGFB1
THBS1,TGFB1
MMP9,TGFB1
LTBP1,TGFB1
LRRC32,TGFB1
FMOD,TGFB1
EMILIN1,TGFB1
FYN,APP
BACE2,APP
ADAM10,APP
BACE1,APP
ADAM17,APP
ADAM9,APP
CASP8,APP
TGFB1,APP
CTSD,APP
APOE,APP
SRC,EPHA2
TP53,EPHA2
PRKCZ,EPHA2
CBL,EPHA2
EFNA1,EPHA2
EFNA2,EPHA2
EFNA5,EPHA2
EFNA3,EPHA2
EFNA4,EPHA2
GCG,DPP4
SRC,PTK2
FYN,PTK2
EGFR,PTK2
LCK,PTK2
LYN,PTK2
JAK2,PTK2
TP53,PTK2
ERBB2,PTK2
MET,PTK2
RET,PTK2
NEO1,PTK2
TLN1,PTK2
INSR,PTK2
PDGFRB,PTK2
NRG1,PTK2
SDC4,PTK2
SYK,PTK2
PTPRH,PTK2
PTPN11,PTK2
EPHB2,PTK2
CXCR4,PTK2
PDGFRA,PTK2
EFNA1,PTK2
EPHA2,PTK2
ITGB1,PTK2
DCC,PTK2
EZR,PTK2
ITGB4,PTK2
PTPRG,PTK2
ITGB3,PTK2
ITGA5,PTK2
ITGB2,PTK2
ITGA8,PTK2
ITGAV,PTK2
ITGB5,PTK2
FYN,BSG
CAV1,KDR
SRC,KDR
PTPN6,KDR
PTPRJ,KDR
VEGFA,KDR
PTPN11,KDR
PTPRB,KDR
VTN,KDR
VEGFD,KDR
PTPRG,KDR
VEGFC,KDR
NRP1,KDR
SEMA6D,KDR
F7,F3
ADAM17,TNF
SRC,STAT3
NTRK1,STAT3
EGFR,STAT3
LCK,STAT3
LYN,STAT3
JAK2,STAT3
JAK1,STAT3
PIK3R1,STAT3
LEPR,STAT3
PTPRD,STAT3
CCND1,STAT3
RET,STAT3
IL22,STAT3
EPO,STAT3
IL10,STAT3
IFNG,STAT3
KITLG,STAT3
TYK2,STAT3
IL6,STAT3
EGF,STAT3
PDGFRB,STAT3
NGF,STAT3
BTK,STAT3
PTPN6,STAT3
MAP3K1,STAT3
SYK,STAT3
PTPN11,STAT3
IL2RB,STAT3
CSF3,STAT3
CSF2,STAT3
HGF,STAT3
IL6ST,STAT3
IL2RA,STAT3
IL6R,STAT3
LEP,STAT3
IL11,STAT3
PTPRT,STAT3
FGFR3,STAT3
BDNF,STAT3
FGFR4,STAT3
PDIA3,STAT3
PTPRG,STAT3
PTPRM,STAT3
DRD2,GNAI3
OPRM1,GNAI3
HTR1A,GNAI3
SMO,GNAI3
OPRL1,GNAI3
MTNR1A,GNAI3
CXCR4,GNAI3
CCR5,GNAI3
ARRB2,GNAI3
SSTR2,GNAI3
PTAFR,GNAI3
ADRA2A,GNAI3
ADORA1,GNAI3
DRD3,GNAI3
OPRD1,GNAI3
LPAR1,GNAI3
S1PR1,GNAI3
MTNR1B,GNAI3
DRD2,GNAI1
EGFR,GNAI1
OPRM1,GNAI1
HTR1A,GNAI1
SMO,GNAI1
OPRL1,GNAI1
MTNR1A,GNAI1
F2R,GNAI1
CXCR4,GNAI1
CCR5,GNAI1
ARRB2,GNAI1
SSTR2,GNAI1
HTR2A,GNAI1
HTR4,GNAI1
ADRA2A,GNAI1
DRD3,GNAI1
OPRD1,GNAI1
LPAR3,GNAI1
LPAR2,GNAI1
APLNR,GNAI1
GNB1,GNAI1
S1PR3,GNAI1
LPAR1,GNAI1
FPR1,GNAI1
S1PR1,GNAI1
EDNRB,GNAI1
HTR1D,GNAI1
MTNR1B,GNAI1
GRM2,GNAI1
SMO,GNAI2
CXCR4,GNAI2
CCR5,GNAI2
ARRB2,GNAI2
CCK,CCKBR
GAST,CCKBR
DRD2,SLC6A3
GRM1,GNAQ
MTNR1A,GNAQ
GRK2,GNAQ
PTAFR,GNAQ
HTR2A,GNAQ
CHRM1,GNAQ
ADRA1A,GNAQ
RGS19,GNAQ
F2RL1,GNAQ
LPAR3,GNAQ
EDNRA,GNAQ
CCKBR,GNAQ
S1PR3,GNAQ
LPAR1,GNAQ
CHRM3,GNAQ
ADRA1B,GNAQ
HTR6,GNAQ
AGTR1,GNAQ
PTGIR,GNAQ
HTR2C,GNAQ
TBXA2R,GNAQ
TSHR,GNAQ
CHRM1,GNA11
ADRA1A,GNA11
EDNRA,GNA11
ADRA1B,GNA11
ADCYAP1R1,GNAS
HTR4,GNAS
GNAS,GNAS
ADRB2,GNAS
ADORA2A,GNAS
ADORA2B,GNAS
GNB1,GNAS
PTGFR,GNAS
SCTR,GNAS
F2R,GNA15
SRC,JAK2
JAK1,JAK2
KIT,JAK2
COMPLEX:IL6R_IL6ST,JAK2
COMPLEX:EPO_EPOR,JAK2
COMPLEX:IFNGR1_IFNGR2,JAK2
IFNG,JAK2
PDGFRB,JAK2
ERBB3,JAK2
IL4R,JAK2
GHR,JAK2
PRLR,JAK2
PTPN6,JAK2
PTPN11,JAK2
IL2RG,JAK2
IL6ST,JAK2
PTPRC,JAK2
CXCR4,JAK2
IL1B,JAK2
IL12RB1,JAK2
IFNGR1,JAK2
OSMR,JAK2
CRLF2,JAK2
IL23R,JAK2
IFNGR2,JAK2
LIFR,JAK2
CSF3R,JAK2
MPL,JAK2
CSF2RA,JAK2
PTPRG,JAK2
DNAJA3,JAK2
EPOR,PIK3R1
FYN,PIK3R1
NTRK1,PIK3R1
EGFR,PIK3R1
LCK,PIK3R1
LYN,PIK3R1
JAK2,PIK3R1
JAK1,PIK3R1
IGF1R,PIK3R1
PTK2,PIK3R1
HRAS,PIK3R1
KIT,PIK3R1
ERBB2,PIK3R1
MET,PIK3R1
AR,PIK3R1
CTNNB1,PIK3R1
INSR,PIK3R1
EGF,PIK3R1
PDGFRB,PIK3R1
ERBB3,PIK3R1
ESR1,PIK3R1
GHR,PIK3R1
PTPN6,PIK3R1
PTPRJ,PIK3R1
CBL,PIK3R1
SYK,PIK3R1
TGFBR1,PIK3R1
TGFBR2,PIK3R1
PTPN11,PIK3R1
CD19,PIK3R1
IL7R,PIK3R1
IL2RG,PIK3R1
ERBB4,PIK3R1
CRKL,PIK3R1
PIK3CA,PIK3R1
COMPLEX:EGFR_ERBB3,PIK3R1
YWHAZ,PIK3R1
IL1R1,PIK3R1
ICOS,PIK3R1
FGFR1,PIK3R1
CD2,PIK3R1
IRS4,PIK3R1
PDGFRA,PIK3R1
FLT1,PIK3R1
EPHA2,PIK3R1
TEK,PIK3R1
TYRO3,PIK3R1
EGFR,PTPN1
ITGB3,PTPN1
EGFR,CRKL
BCR,CRKL
ITGB1,CRKL
SRC,BTK
LYN,BTK
JAK1,BTK
SYK,BTK
PTPRG,BTK
LYN,INPP5D
SRC,CBL
FYN,CBL
LCK,CBL
INSR,CBL
PTPN6,CBL
SYK,CBL
BCR,CBL
LRIG1,CBL
EPOR,PLCG1
SRC,PLCG1
FYN,PLCG1
NTRK1,PLCG1
EGFR,PLCG1
LCK,PLCG1
LYN,PLCG1
JAK2,PLCG1
PTK2,PLCG1
ERBB2,PLCG1
MET,PLCG1
EGF,PLCG1
PDGFRB,PLCG1
ERBB3,PLCG1
BTK,PLCG1
GHR,PLCG1
PTPRJ,PLCG1
CBL,PLCG1
SYK,PLCG1
FGFR1,PLCG1
KDR,PLCG1
PDGFRA,PLCG1
FGFR2,PLCG1
FLT1,PLCG1
AXL,PLCG1
FGFR3,PLCG1
NTRK3,PLCG1
EEF1A1,PLCG1
FGFR4,PLCG1
PIK3R1,MAPK8
HRAS,MAPK8
RET,MAPK8
PRKCZ,MAPK8
MAP3K1,MAPK8
CRKL,MAPK8
JAK1,TYK2
LEPR,TYK2
COMPLEX:IFNAR1_IFNAR2,TYK2
IFNB1,TYK2
IL4,TYK2
GHR,TYK2
PTPN6,TYK2
IL6ST,TYK2
PTPRC,TYK2
IL1B,TYK2
IFNAR2,TYK2
IL23R,TYK2
IL20RA,TYK2
LIFR,TYK2
IL10RB,TYK2
CSF3R,TYK2
MPL,TYK2
FYN,MAPK14
LCK,MAPK14
RET,MAPK14
SYK,MAPK14
GRK2,MAPK14
LCK,JAK3
IL4R,JAK3
PTPN6,JAK3
PTPN11,JAK3
IL2RG,JAK3
PTPRC,JAK3
IL9R,JAK3
CXCR4,JAK3
CCR5,JAK3
JAK2,TEC
KIT,TEC
EGFR,JAK1
JAK2,JAK1
LEPR,JAK1
ERBB2,JAK1
PRKCZ,JAK1
COMPLEX:IL6R_IL6ST,JAK1
ISG15,JAK1
COMPLEX:IFNGR1_IFNGR2,JAK1
COMPLEX:IFNAR1_IFNAR2,JAK1
IFNB1,JAK1
IL4R,JAK1
GHR,JAK1
PTPN6,JAK1
IL2RG,JAK1
IL6ST,JAK1
PTPRC,JAK1
CSF2RB,JAK1
IL9R,JAK1
IFNAR2,JAK1
IL10RA,JAK1
IFNAR1,JAK1
IFNGR1,JAK1
OSMR,JAK1
IL6R,JAK1
IL20RA,JAK1
IFNGR2,JAK1
LIFR,JAK1
IL10RB,JAK1
CSF3R,JAK1
CNTFR,JAK1
SRC,KIT
FYN,KIT
LCK,KIT
LYN,KIT
PRKCZ,KIT
KITLG,KIT
PTPN6,KIT
CBL,KIT
PTPRG,KIT
SRC,IKBKB
FLNA,IKBKB
CASP8,IKBKB
PRKCZ,IKBKB
TRAF2,IKBKB
MAP3K1,IKBKB
SRC,CHUK
NOTCH1,CHUK
TNF,CHUK
CASP8,CHUK
PRKCI,CHUK
TRAF2,CHUK
TNFRSF1A,CHUK
MAP3K1,CHUK
SRC,RXRA
AR,RXRA
ESR1,RXRA
NR0B2,RXRA
SRC,HNRNPK
TYK2,HNRNPK
SRC,PIK3CA
EGFR,PIK3CA
PTK2,PIK3CA
HRAS,PIK3CA
KIT,PIK3CA
ERBB2,PIK3CA
CTNNB1,PIK3CA
INSR,PIK3CA
PDGFRB,PIK3CA
ERBB3,PIK3CA
CBL,PIK3CA
SYK,PIK3CA
PTPN11,PIK3CA
GNA11,PIK3CA
ERBB4,PIK3CA
IRS4,PIK3CA
ITGB4,PIK3CA
SRC,SORBS1
SRC,CAV1
FYN,CAV1
EGFR,CAV1
INSR,CAV1
INS,CAV1
PRNP,CAV1
SRC,ABL2
PDGFRB,ABL2
SRC,PTK2B
EGFR,PTK2B
LYN,PTK2B
JAK1,PTK2B
PTPN6,PTK2B
SYK,PTK2B
PTPN11,PTK2B
IL7R,PTK2B
PIK3CA,PTK2B
ITGB1,PTK2B
GNA13,PTK2B
ITGB3,PTK2B
ITGB2,PTK2B
SRC,RAF1
LCK,RAF1
JAK2,RAF1
HRAS,RAF1
HSP90AA1,RAF1
PRKCZ,RAF1
COMPLEX:CDC37_HSP90AA1,RAF1
YWHAQ,RAF1
YWHAZ,RAF1
TGFB1,TGFBR2
TGFB3,TGFBR2
TGFB2,TGFBR2
EFNA1,EPHA3
EFNA5,EPHA3
EFNA3,EPHA3
EFNA4,EPHA3
EFNB2,EPHA3
PRKCZ,EPHB2
EFNA5,EPHB2
EFNB2,EPHB2
EFNB1,EPHB2
SRC,DDR2
COL1A1,DDR2
SRC,PPARG
EGFR,PPARG
TNF,PPARG
CTNNB1,PPARG
ESR1,PPARG
NCOR1,PPARG
BCR,PPARG
SRC,ARRB1
SMO,ARRB1
IGF1R,CSK
ITGB3,CSK
SRC,CTTN
FYN,CTTN
PTK2,CTTN
MET,CTTN
SYK,CTTN
FGFR1,CTTN
PTPRG,CTTN
ACTB,CTTN
ACTA1,CTTN
SRC,RACK1
AGRN,MUSK
LRP4,MUSK
WNT11,MUSK
SRC,SYK
FYN,SYK
LYN,SYK
JAK1,SYK
PTPN6,SYK
PTPN11,SYK
LYN,PIK3CG
PIK3R1,PIK3CG
HRAS,PIK3CG
KIT,PIK3CG
CD28,PIK3CG
ERBB3,PIK3CG
CBL,PIK3CG
ERBB4,PIK3CG
IRS4,PIK3CG
EPHA8,PIK3CG
AXL,PIK3CG
ITGB4,PIK3CG
FYN,NFE2L2
SRC,IGF1R
KL,IGF1R
IGF1,IGF1R
IGF2,IGF1R
CBL,IGF1R
GRK2,IGF1R
PTPN11,IGF1R
INS,IGF1R
SOCS2,IGF1R
SRC,HDAC3
NCOR1,HDAC3
SRC,CDH2
CTNND1,CDH2
CTNND2,CDH2
SRC,INPPL1
SRC,CTNND1
FYN,CTNND1
EGFR,CTNND1
ERBB2,CTNND1
MET,CTNND1
PTPN6,CTNND1
PTPRJ,CTNND1
PSEN1,CTNND1
CSF1R,CTNND1
PTPRM,CTNND1
SRC,FCRL3
SRC,RPS6KA3
FYN,RPS6KA3
FLT4,RPS6KA3
SRC,WNK4
SRC,BDKRB2
TP53,BDKRB2
GRK2,BDKRB2
GRK5,BDKRB2
KNG1,BDKRB2
SRC,RGS16
EGFR,RGS16
LYN,RGS16
TP53,RGS16
FYN,PTPRJ
EGFR,CDH1
MET,CDH1
CTNND1,CDH1
CTNND2,CDH1
PSEN1,CDH1
SRC,PRKD1
YWHAQ,PRKD1
SRC,KCNB1
SRC,TLR3
EGFR,TLR3
CD14,TLR3
SRC,DAB1
RELN,DAB1
PTPRG,DAB1
LRP8,DAB1
VLDLR,DAB1
SRC,HCN2
SRC,YAP1
CTNNA1,YAP1
SFN,YAP1
TJP2,YAP1
AMOT,YAP1
FYN,PRKAA2
SRC,ARAF
HRAS,ARAF
YWHAQ,ARAF
YWHAZ,ARAF
SRC,KRAS
PTPN11,KRAS
SRC,BMX
BTK,BMX
PTPRG,BMX
TLN1,ITGB2
FGA,ITGB2
CCN2,ITGB2
ICAM3,ITGB2
VCAM1,ITGB2
ICAM1,ITGB2
ICAM5,ITGB2
ICAM2,ITGB2
ICAM4,ITGB2
CCN1,ITGB2
CD82,ITGB2
SRC,ITGB3
TLN1,ITGB3
SYK,ITGB3
THBS1,ITGB3
FN1,ITGB3
VTN,ITGB3
VWF,ITGB3
SPP1,ITGB3
ADAM23,ITGB3
COL1A2,ITGB3
ICAM4,ITGB3
CCN1,ITGB3
COMP,ITGB3
IBSP,ITGB3
ADAM15,ITGB3
PTK2,GSK3B
MET,GSK3B
PRKCZ,GSK3B
LRP5,GSK3B
SRC,PKP3
SRC,TNK2
EGFR,TNK2
PDGFRB,TNK2
SRC,NPHP1
MMP14,PTK7
SRC,ZAP70
FYN,ZAP70
LCK,ZAP70
PTPN6,ZAP70
CBL,ZAP70
PTPRG,ZAP70
SRC,ENG
TGFBR1,ENG
TGFBR2,ENG
SRC,KCNJ1
SRC,AURKA
SRC,MEGF10
SRC,NTRK1
NGF,NTRK1
PTPN6,NTRK1
NGFR,NTRK1
NTF3,NTRK1
NTF4,NTRK1
EGFR,ERBB2
JAK2,ERBB2
TGFA,ERBB2
EGF,ERBB2
NRG1,ERBB2
CBL,ERBB2
STUB1,ERBB2
PTPN11,ERBB2
PTPRO,ERBB2
AREG,ERBB2
LRIG1,ERBB2
PTPRG,ERBB2
SRC,CNTNAP1
SRC,VCL
PTPRG,VCL
SRC,CASP9
APAF1,CASP9
PRKCZ,CASP9
GZMB,CASP9
TLR4,MYD88
FADD,MYD88
COMPLEX:IL1R1_IL1RAP,MYD88
TLR2,MYD88
TLR9,MYD88
IL1R1,MYD88
IL1RL1,MYD88
SIGIRR,MYD88
SRC,TLR4
HMGB1,TLR4
LY96,TLR4
CD14,TLR4
S100A8,TLR4
S100A9,TLR4
SRC,MAPKAPK5
SRC,ANXA1
EGFR,ANXA1
SRC,LRP1
A2M,LRP1
MMP9,LRP1
SERPINC1,LRP1
MMP13,LRP1
PLAU,LRP1
SERPINE1,LRP1
F9,LRP1
PLAT,LRP1
SERPING1,LRP1
SERPINA1,LRP1
TFPI,LRP1
LRPAP1,LRP1
SERPINE2,LRP1
ICAM1,ITGAL
ICAM5,ITGAL
ICAM2,ITGAL
ICAM4,ITGAL
SRC,PAK2
CASP8,PAK2
SRC,CHRNA7
SRC,MPZL1
PTPN11,MPZL1
SRC,FLOT1
SRC,CYP19A1
SRC,CDH5
CTNND1,CDH5
VEGFA,CDH5
PTPRB,CDH5
ICAM1,CDH5
SRC,EZR
EGFR,EZR
PRKCI,EZR
SYK,EZR
GRK2,EZR
L1CAM,EZR
CD81,EZR
SRC,ENO1
SRC,LPIN1
SRC,DCC
FYN,DCC
NTN1,DCC
NTN4,DCC
SRC,PRKCD
FYN,PRKCD
LCK,PRKCD
LYN,PRKCD
SYK,PRKCD
PTPRG,PRKCD
SRC,BCKDK
SRC,PDPK1
IGF1R,PDPK1
RET,PDPK1
SRC,CASP8
LYN,CASP8
TNFSF10,CASP8
TNFRSF10A,CASP8
TNFRSF10B,CASP8
TRAF2,CASP8
TNFRSF1A,CASP8
FADD,CASP8
GZMB,CASP8
PTPN6,CASP8
SRC,FERMT2
SRC,MUC1
EGFR,MUC1
LCK,MUC1
ADAM17,MUC1
SRC,SLC6A4
SRC,DAG1
AGRN,DAG1
NRXN2,DAG1
NRXN1,DAG1
LAMA2,DAG1
LAMA5,DAG1
LAMA1,DAG1
SRC,GAK
SRC,FLT4
VEGFD,FLT4
VEGFC,FLT4
SRC,GJA1
FGF2,GJA1
SRC,SLC11A1
SRC,PTEN
LCK,PTEN
TP53,PTEN
INSR,PTEN
FGFR2,PTEN
DLG1,PTEN
MAGI2,PTEN
MAGI3,PTEN
MAGI1,PTEN
SMO,PRKACA
SRC,NOS2
NFKB1,NOS2
TGFB1,NOS2
CASP8,CASP7
GZMB,CASP7
COMPLEX:CASP8,CASP7
SRC,PBK
LNX1,PBK
SRC,PANX1
SRC,CEACAM1
EGFR,CEACAM1
SRC,SIRT2
TP53,TGFA
ADAM17,TGFA
SRC,JUP
FYN,JUP
SRC,HSP90AB1
TP53,HSP90AB1
SRC,PIP5K1C
CDH1,PIP5K1C
ARF6,PIP5K1C
SRC,KCNA3
LYN,PRKCA
MST1,PRKCA
SYK,PRKCA
GNAI2,FGR
GNAI1,FGR
S1PR1,FGR
EGFR,KCND3
SRC,PDCD6IP
SRC,ARHGEF2
SRC,ANXA2
SRC,HCN4
SRC,TXK
FYN,TXK
FYN,CDK5
SRC,GLRB
SRC,PRMT5
JAK2,PRMT5
SRC,TRIP6
PTPN13,TRIP6
LPAR2,TRIP6
SRC,ADAM12
SRC,PKD1
ADAM17,ITGB1
ADAM9,ITGB1
TLN1,ITGB1
THBS1,ITGB1
FN1,ITGB1
RELN,ITGB1
COL1A1,ITGB1
VTN,ITGB1
FGA,ITGB1
ITGB1BP1,ITGB1
COL2A1,ITGB1
TNC,ITGB1
SPP1,ITGB1
PTPRG,ITGB1
SEMA7A,ITGB1
COL18A1,ITGB1
PLG,ITGB1
ADAM12,ITGB1
VCAM1,ITGB1
COL4A1,ITGB1
COL1A2,ITGB1
NPNT,ITGB1
THBS2,ITGB1
LAMA2,ITGB1
LAMA5,ITGB1
LAMB1,ITGB1
LAMC1,ITGB1
LAMC2,ITGB1
ADAM2,ITGB1
ADAM15,ITGB1
CHAD,ITGB1
DUSP18,ITGB1
PTK2,PTPRH
FN1,ITGB6
VTN,ITGB6
EGFR,LYN
GNAI2,LYN
CBL,LYN
PTPRC,LYN
S1PR1,LYN
FN1,ITGB8
VTN,ITGB8
SPP1,ITGB8
COL4A1,ITGB8
LAMA1,ITGB8
SRC,ITGB5
ADAM9,ITGB5
TLN1,ITGB5
FN1,ITGB5
SPP1,ITGB5
LAMA2,ITGB4
LAMA5,ITGB4
LAMB1,ITGB4
LAMC1,ITGB4
LAMC2,ITGB4
LAMA3,ITGB4
LAMB3,ITGB4
LAMB2,ITGB4
PTK2,ITGB7
CDH1,ITGB7
TLN1,ITGB7
FN1,ITGB7
MADCAM1,ITGB7
SRC,EFNB1
PTPN13,EFNB1
RPL11,MDM2
CDKN2A,MDM2
HNRNPK,MDM2
ERBB4,MDM2
ARRB2,MDM2
S100A4,MDM2
CCL19,CCR7
CCL21,CCR7
FYN,PLD2
EGFR,PLD2
ARF1,PLD2
MMP14,SDC1
THBS1,SDC1
SLIT2,SDC1
SLIT1,SDC1
PRKCZ,ATP1A1
AGT,AGTR1
CCND1,CDK4
CDKN2A,CDK4
COMPLEX:CDC37_HSP90AA1,CDK4
HRAS,SDC2
EPHB2,SDC2
FGF2,SDC2
FN1,SDC2
LNX1,GRIN1
ACTN1,LPP
PRKCZ,NR1H4
TF,TFRC
SRC,PLCG2
FYN,PLCG2
EGFR,PLCG2
LCK,PLCG2
LYN,PLCG2
PIK3R1,PLCG2
ERBB2,PLCG2
BTK,PLCG2
SYK,PLCG2
FGF2,SDC4
THBS1,SDC4
RSPO3,SDC4
FN1,SDC4
TNC,SDC4
ADAM12,SDC4
HCRT,HCRTR1
S100A4,MYH9
LCK,ADAM15
SRC,CD33
LCK,CD33
SRC,F2RL2
F2,F2RL2
SRC,FCGR2C
FYN,FCGR2C
LYN,FCGR2C
SYK,FCGR2C
SRC,FCGR2B
FYN,FCGR2B
LYN,FCGR2B
LYN,MAP4K1
SYK,MAP4K1
CRKL,MAP4K1
DBNL,MAP4K1
SRC,FCGR2A
FYN,FCGR2A
LYN,FCGR2A
SYK,FCGR2A
SMO,GNAT1
PTK2,ATP2B4
ERBB2,CDK1
FYN,LCK
PTPRF,LCK
SYK,LCK
PTPRH,LCK
PTPRC,LCK
CD4,LCK
S1PR1,LCK
NTRK1,MATK
FYN,CD79A
LCK,CD79A
LYN,CD79A
PTPN6,CD79A
SYK,CD79A
LYN,CSF2RB
PTPN6,CSF2RB
PTPN11,CSF2RB
CSF2,CSF2RB
IL3,CSF2RB
IL5,CSF2RB
SRC,MET
TP53,MET
PRKCZ,MET
EGF,MET
PTPRJ,MET
CBL,MET
HGF,MET
MST1R,MET
PTPRB,MET
PTPRG,MET
SEMA5A,MET
SEMA4D,MET
FGFR1,PDK1
PGK1,PDK1
SRC,RET
PTPRF,RET
PTPRJ,RET
CBL,RET
GDNF,RET
NRTN,RET
ARTN,RET
PSPN,RET
PIK3CA,RPS6KB1
SRC,PECAM1
LCK,PECAM1
TNFSF11,TNFRSF11A
JAK2,STAT6
JAK1,STAT6
PRKCZ,STAT6
IL4R,STAT6
IL4,STAT6
PTPN6,STAT6
IL13,STAT6
FGF3,FGFR2
CBL,FGFR2
FGF1,FGFR2
FGF2,FGFR2
FGF4,FGFR2
FGF7,FGFR2
FGF8,FGFR2
FGF10,FGFR2
FGF6,FGFR2
FGF17,FGFR2
FGF18,FGFR2
FGF22,FGFR2
FGF19,FGFR2
FGF5,FGFR2
PF4,FGFR2
FGF16,FGFR2
FGF20,FGFR2
FGF21,FGFR2
FGF23,FGFR2
NR0B2,THRB
INSR,ADRB2
GRK2,ADRB2
GRK5,ADRB2
ARRB2,ADRB2
SRC,PIK3R3
EGFR,PIK3R3
IGF1R,PIK3R3
PTK2,PIK3R3
ERBB2,PIK3R3
PDGFRB,PIK3R3
ERBB3,PIK3R3
CBL,PIK3R3
NR0B2,ESR2
GAS6,AXL
THBS1,CD36
YWHAZ,PRKCZ
GAS6,TYRO3
FYN,NPHS1
GUCA2B,GUCY2C
GUCA2A,GUCY2C
GRK2,PDE6G
PTPN13,FASLG
PIK3R1,FASLG
TP53,FASLG
S100A1,GFAP
IL6,IL6R
TRAF2,RIPK2
ERBIN,RIPK2
TRIP6,RIPK2
SRC,OCLN
TP53,MMP2
MMP14,MMP2
AR,MMP2
GNAI1,MMP2
THBS1,MMP2
A2M,MMP2
MMP25,MMP2
TIMP2,MMP2
TIMP1,MMP2
PZP,MMP2
TIMP3,MMP2
CLDN1,MMP2
MMP16,MMP2
CBL,FGFR3
FGF1,FGFR3
FGF2,FGFR3
FGF9,FGFR3
FGF17,FGFR3
FGF18,FGFR3
FGF19,FGFR3
FGF16,FGFR3
FGF20,FGFR3
FGF21,FGFR3
FGF23,FGFR3
PIK3R1,PIK3CD
HRAS,PIK3CD
ERBB3,PIK3CD
CBL,PIK3CD
ERBB4,PIK3CD
ITGB4,PIK3CD
EFNA1,EPHA4
EFNA2,EPHA4
EFNA5,EPHA4
EFNB3,EPHA4
EFNA3,EPHA4
EFNA4,EPHA4
EFNB2,EPHA4
FGF1,FGFR1
FGF2,FGFR1
FGF17,FGFR1
FGF18,FGFR1
FGF22,FGFR1
FGF19,FGFR1
FGF5,FGFR1
NCAM1,FGFR1
FGF16,FGFR1
FGF20,FGFR1
FGF21,FGFR1
FGF23,FGFR1
KLB,FGFR1
EFNA3,EPHB1
EFNB2,EPHB1
EFNB1,EPHB1
ERBB2,PAK1
EPHA3,PAK1
AR,FGF8
SYK,MAPK11
FGF9,FGF10
LYN,MAPK3
TUB,MAPK3
RET,MAPK3
PRKCZ,MAPK3
TNFSF10,MAPK3
EGF,MAPK3
PTPRJ,MAPK3
MAP3K1,MAPK3
HGF,MAPK3
FGF2,MAPK3
PTPRB,MAPK3
ARF6,MAPK3
F11R,MAPK3
EFNA1,EPHA1
AR,KLK3
A2M,KLK3
SERPINA5,KLK3
PRKCZ,AKT3
HSPB6,AKT3
SPARC,PDGFB
CDH1,CTNNA1
PTPN11,CTNNA1
AFDN,CTNNA1
CBL,FGFR4
FGF1,FGFR4
FGF2,FGFR4
FGF4,FGFR4
FGF6,FGFR4
FGF17,FGFR4
FGF18,FGFR4
FGF19,FGFR4
FGF16,FGFR4
FGF20,FGFR4
FGF21,FGFR4
FGF23,FGFR4
NTN1,UNC5C
FYN,PRKCQ
LCK,PRKCQ
INS,SGK1
PIK3R1,PIK3CB
HRAS,PIK3CB
ERBB3,PIK3CB
CBL,PIK3CB
ERBB4,PIK3CB
ITGB4,PIK3CB
LCK,ITK
PRKCI,PARD6A
TGFBR1,PARD6A
TGFBR2,PARD6A
TUB,MAPK1
RET,MAPK1
PRKCZ,MAPK1
TNFSF10,MAPK1
MTNR1A,MAPK1
PTPRJ,MAPK1
MAP3K1,MAPK1
HGF,MAPK1
FGF2,MAPK1
SNCA,MAPK1
ARF6,MAPK1
F11R,MAPK1
FRS3,MAPK1
FYN,PIK3R2
EGFR,PIK3R2
LCK,PIK3R2
JAK1,PIK3R2
IGF1R,PIK3R2
KIT,PIK3R2
ERBB2,PIK3R2
EGF,PIK3R2
PDGFRB,PIK3R2
CD28,PIK3R2
ERBB3,PIK3R2
CBL,PIK3R2
SYK,PIK3R2
TGFBR1,PIK3R2
TGFBR2,PIK3R2
IL2RG,PIK3R2
ERBB4,PIK3R2
CRKL,PIK3R2
ICOS,PIK3R2
FGFR1,PIK3R2
IRS4,PIK3R2
EPHA2,PIK3R2
CTNNB1,MMP9
AREG,MMP9
THBS1,MMP9
CXCL8,MMP9
TIMP1,MMP9
PZP,MMP9
TIMP3,MMP9
MMP26,MMP9
EGFR,MAP2K1
TRAF2,MAP2K1
YWHAQ,MAP2K1
MAP3K1,MAP2K1
AR,KLK2
RET,GFRA1
GDNF,GFRA1
NRTN,GFRA1
LCK,SH2B3
KIT,SH2B3
LYN,CD19
CR2,CD19
LYN,CD22
ST6GAL1,CD22
FYN,CD247
LCK,CD247
PTPN6,CD247
PTPRC,CD247
LCK,CD28
CD86,CD28
CD80,CD28
LCK,CD3E
FYN,CD5
LCK,CD5
FYN,CD79B
LCK,CD79B
LYN,CD79B
PTPN6,CD79B
SYK,CD79B
LCK,IL2RB
JAK1,IL2RB
PTPN6,IL2RB
IL2RG,IL2RB
IL2,IL2RB
IL15,IL2RB
IL15RA,IL2RB
FYN,SLAMF1
LCK,SLAMF1
LYN,SLAMF1
PTPN11,NTRK2
NGFR,NTRK2
NTF3,NTRK2
BDNF,NTRK2
NTF4,NTRK2
MST1,STK4
FGFR4,STK4
IGF1R,SIRPA
PTPN6,SIRPA
PTPN11,SIRPA
RIGI,TBK1
ADAM17,ERBB4
ERBB2,ERBB4
NRG1,ERBB4
CBL,ERBB4
NRG3,ERBB4
HBEGF,ERBB4
NRG4,ERBB4
LRIG1,ERBB4
NRG2,ERBB4
BTC,ERBB4
EREG,ERBB4
EPGN,ERBB4
FYN,IFITM3
HRAS,BRAF
S1PR1,BLK
NCAM1,ROBO3
FYN,STK11
PRKCZ,STK11
PARD3,F11R
MET,PARP1
JAK2,EZH2
WNK4,OXSR1
WNK4,STK39
WNK4,SLC12A3
EPHA2,CLDN4
STUB1,CFTR
HSPA8,CFTR
FYN,CTLA4
LCK,CTLA4
JAK2,CTLA4
CD86,CTLA4
CD80,CTLA4
JAK1,IL7R
IL7,IL7R
TSLP,IL7R
SYK,TUBA1A
FLT3LG,FLT3
CBL,FLT3
SYK,FLT3
FYN,DLG2
FYN,CD300LF
FYN,SCN9A
FYN,PTGS2
EGFR,PTGS2
LYN,PTGS2
TP53,PTGS2
ERBB2,PTGS2
PLA2G6,PTGS2
FYN,LAT
LCK,LAT
PTPRJ,LAT
SYK,LAT
CD8A,LAT
FCGR2A,LAT
FYN,KIRREL1
RELN,LRP8
APOE,LRP8
FYN,CLIC5
FYN,SCN5A
FGF12,SCN5A
FGF13,SCN5A
FYN,MAG
FYN,PTPRF
ADAM17,PTPRF
LRFN5,PTPRF
LRRC4B,PTPRF
NID1,PTPRF
FYN,PTPRT
PTK2,TRIO
FYN,NOX4
FYN,CD300LB
PLAU,PLAUR
MMP12,PLAUR
LYN,NEDD9
PTPN11,NEDD9
CRKL,NEDD9
ROR2,FLNA
HNRNPK,SPN
SEMA3A,PLXNA2
PVR,CD226
CD59,CD2
CD58,CD2
LYN,CDK2
PCNA,CDK2
PTPRG,CDK2
PCNA,CDK6
CCND1,CDK6
CDKN2A,CDK6
EGFR,ERBB3
ERBB2,ERBB3
AR,ERBB3
NRG1,ERBB3
CBL,ERBB3
PTPN11,ERBB3
LRIG1,ERBB3
NRG2,ERBB3
EREG,ERBB3
ROR1,ERBB3
HRG,ERBB3
GNAI2,HCK
GNAI1,HCK
S1PR1,HCK
LYN,LPXN
MST1,MST1R
PTN,SDC3
COL5A1,SDC3
COL5A3,SDC3
GDNF,NCAM1
PRNP,NCAM1
PTN,PTPRZ1
SYK,TUBA4A
CASP8,CASP3
GZMB,CASP3
COMPLEX:CASP8,CASP3
IL16,CASP3
CNTNAP1,CNTN1
MMP14,CD44
ADAM10,CD44
TGFBR1,CD44
FN1,CD44
COL1A1,CD44
SPP1,CD44
COL1A2,CD44
HAS2,CD44
LCK,SIGLEC10
EPHA2,YES1
S1PR1,YES1
CD300LB,TYROBP
CD48,CD244
L1CAM,PLXNA1
SEMA3A,PLXNA1
NRP1,PLXNA1
SEMA6D,PLXNA1
SMO,ARRB2
TIGIT,ARRB2
ANGPT2,TEK
ANGPT1,TEK
ANGPT4,TEK
PTPRB,TEK
ANGPTL1,TEK
TIE1,TEK
TYK2,EIF2AK2
DNAJC3,EIF2AK2
PRKCZ,MAPK7
ADAM9,ITGA6
THBS1,ITGA6
THBS2,ITGA6
LAMA2,ITGA6
LAMA5,ITGA6
LAMB1,ITGA6
LAMC1,ITGA6
LAMC2,ITGA6
ADAM2,ITGA6
LAMB3,ITGA6
LAMB2,ITGA6
PVR,TIGIT
NECTIN3,TIGIT
AR,F2R
F2,F2R
PRTN3,F2R
CTSG,F2R
ELANE,F2R
PLG,F2R
TGM2,ADGRG1
COL3A1,ADGRG1
THBS1,ITGA4
FN1,ITGA4
SPP1,ITGA4
VCAM1,ITGA4
THBS2,ITGA4
MADCAM1,ITGA4
GRK2,TBXA2R
GNB1,TBXA2R
FN1,ITGA9
SPP1,ITGA9
PLG,ITGA9
ADAM12,ITGA9
ADAM15,ITGA9
TGM2,PLCD1
GNA11,PLCB2
ANGPT1,TIE1
ANGPT4,TIE1
NGF,NGFR
NTF3,NGFR
BDNF,NGFR
NTF4,NGFR
FLNA,SPHK1
CTSB,SPHK1
EGFR,CCND1
CDKN2A,CCND1
CTNNB1,CCND1
ESR1,CCND1
EGFR,PRKDC
LYN,PRKDC
COMPLEX:XRCC5_XRCC6,PRKDC
RET,PRKDC
CASP8,RIPK1
HSP90AA1,RIPK1
FAS,RIPK1
TNFRSF10A,RIPK1
TNFRSF10B,RIPK1
TRAF2,RIPK1
TNFRSF1A,RIPK1
FADD,RIPK1
EGFR,PIK3C2B
ADAM17,HBEGF
MMP1,HBEGF
EGFR,LRIG1
EGFR,EPB41
LRFN5,PTPRS
HSPG2,PTPRS
EGFR,GPRC5A
EGFR,KCNJ4
EGFR,IKBKE
RIGI,IKBKE
EGFR,COMPLEX:PIK3CA_PIK3R1
KIT,COMPLEX:PIK3CA_PIK3R1
TGFBR2,COMPLEX:PIK3CA_PIK3R1
CD19,COMPLEX:PIK3CA_PIK3R1
EGFR,PKM
EGFR,LRRK1
EGFR,HDAC6
EGFR,ATM
EGFR,KCNN1
MMP2,DCN
MMP3,DCN
MMP7,DCN
PTPRJ,FLT1
CBL,FLT1
VEGFA,FLT1
VEGFB,FLT1
PGF,FLT1
IGF1R,IRS4
JAK1,FES
EZR,FES
IFNB1,IFNAR2
IFNA13,IFNAR2
IFNK,IFNAR2
IL36G,IFNAR2
IFNA17,IFNAR2
IFNW1,IFNAR2
IFNA2,IFNAR2
IFNA14,IFNAR2
IFNA10,IFNAR2
IFNA16,IFNAR2
IFNA21,IFNAR2
IFNA4,IFNAR2
IFNA5,IFNAR2
IFNA6,IFNAR2
IFNA7,IFNAR2
IFNA8,IFNAR2
IFNE,IFNAR2
ARF1,PLD1
ARF6,PLD1
ACTB,PLD1
TP53,CASP1
SERPINB9,CASP1
ADAM17,ITGA5
CBL,ITGA5
FN1,ITGA5
COL1A1,ITGA5
VTN,ITGA5
TNC,ITGA5
SPP1,ITGA5
COL18A1,ITGA5
ADAM23,ITGA5
CCN1,ITGA5
ADAM15,ITGA5
TP53,CD82
ITGB2,CD82
CA2,SLC9A1
IL6,IL6ST
LIF,IL6ST
OSMR,IL6ST
IL6R,IL6ST
LIFR,IL6ST
OSM,IL6ST
IL27,IL6ST
CTF1,IL6ST
IL11,IL6ST
CLCF1,IL6ST
EBI3,IL6ST
EGF,MTOR
TGFB1,MTOR
PTPN13,CASP10
TP53,CASP10
CASP8,CASP10
FADD,CASP10
GZMB,CASP10
TRAF2,MAP3K1
TNFRSF1B,MAP3K1
PCNA,EP300
FGFR1,ACAT1
NFKB1,BCL2
TP53,BCL2
HSP90AA1,BCL2
SOD1,BCL2
TP53,MCL1
GZMB,MCL1
HUWE1,MCL1
HLA-G,CD8A
HLA-C,CD8A
HLA-A,CD8A
HLA-B,CD8A
HLA-DQB1,CD4
HLA-DPA1,CD4
IL16,CD4
LCK,NOTCH1
JAG2,NOTCH1
DLL1,NOTCH1
ADAM10,NOTCH1
ADAM17,NOTCH1
WNT1,NOTCH1
JAG1,NOTCH1
CTNNB1,NOTCH1
MFNG,NOTCH1
FURIN,NOTCH1
LFNG,NOTCH1
PSEN1,NOTCH1
CCN3,NOTCH1
CNTN1,NOTCH1
DLL4,NOTCH1
DLL3,NOTCH1
NCSTN,NOTCH1
DAB1,NOTCH1
MFAP5,NOTCH1
MFAP2,NOTCH1
CNTN6,NOTCH1
DLK1,NOTCH1
DLK2,NOTCH1
LYN,SLC4A1
SYK,SLC4A1
PRKCZ,MAPK9
TRAF2,MAPK9
PECAM1,CD38
IFNB1,IFNAR1
TYK2,IFNAR1
PTPN6,IFNAR1
IFNA13,IFNAR1
IFNK,IFNAR1
IL36G,IFNAR1
IFNA17,IFNAR1
IFNW1,IFNAR1
IFNA2,IFNAR1
IFNA14,IFNAR1
IFNA10,IFNAR1
IFNA16,IFNAR1
IFNA21,IFNAR1
IFNA4,IFNAR1
IFNA5,IFNAR1
IFNA6,IFNAR1
IFNA7,IFNAR1
IFNA8,IFNAR1
IFNE,IFNAR1
CSF3,CSF3R
CSF2,CSF3R
CSF1,CSF3R
CCL2,CCR5
CCL3L1,CCR5
CCL5,CCR5
CCL8,CCR5
CCL4,CCR5
GRK2,CCR5
CXCL11,CCR5
CD4,CCR5
CCL26,CCR5
CCL14,CCR5
CCL3,CCR5
CCL7,CCR5
CCL13,CCR5
CCL11,CCR5
CCL16,CCR5
CCL4L1,CCR5
HLA-C,KIR2DL3
HLA-B,KIR2DL3
TP53,VDR
YWHAQ,MAP2K2
MAP3K1,MAP2K2
TOLLIP,IRAK1
IL1R1,IRAK1
IL2RB,IL2RA
IL2,IL2RA
NFKB1,BCL2L1
TP53,BCL2L1
CDKN2A,BCL2L1
IL4R,IL2RG
IL4,IL2RG
IL2RB,IL2RG
IL2,IL2RG
IL2RA,IL2RG
IL9,IL2RG
IL7,IL2RG
IL15,IL2RG
IL21,IL2RG
CD274,PDCD1
PDCD1LG2,PDCD1
LYN,IL5RA
IL5,IL5RA
LYN,NLRP3
CTTN,ACTB
VASP,ACTB
EZR,ACTB
ARPC2,ACTB
LYN,EPOR
JAK2,EPOR
EPO,EPOR
PTPN6,EPOR
SOCS2,EPOR
PTPN6,CD72
LYN,MS4A2
AR,MME
NPPA,MME
CSF3,CSF2RA
CSF2,CSF2RA
CSF1,CSF2RA
S100A10,PLA2G4A
PRKCZ,FADD
FAS,FADD
TNFRSF10A,FADD
TNFRSF10B,FADD
TNFRSF1A,FADD
MAP3K1,FADD
IFNG,COMPLEX:IFNGR1_IFNGR2
IL3,IL3RA
PTPRH,GHR
PTPN11,GHR
GH1,GHR
CISH,GHR
SOCS2,GHR
PTPRB,GHR
GH2,GHR
PRL,PRLR
GH1,PRLR
CISH,PRLR
SOCS2,PRLR
CSH1,PRLR
JAK2,LEPR
CISH,LEPR
LEP,LEPR
SOCS2,LEPR
TNF,TNFRSF1A
LTA,TNFRSF1A
GRN,TNFRSF1A
IL4,IL4R
PTPN6,IL4R
IL13,IL4R
IL7R,CRLF2
TSLP,CRLF2
IL23A,IL23R
IL12B,IL23R
IFNG,IFNGR1
PTPN11,IFNGR1
IFNAR1,IFNGR1
IFNG,IFNGR2
THPO,MPL
IL31,OSMR
OSM,OSMR
JAK2,MAP3K5
JAK1,MAP3K5
FAS,MAP3K5
TRAF2,MAP3K5
YWHAQ,MAP3K5
TXN,MAP3K5
PTPN11,MAP3K5
JAK2,COMPLEX:CSF2RA_CSF2RB
CSF2,COMPLEX:CSF2RA_CSF2RB
JAK2,CCR2
CCL2,CCR2
CCL8,CCR2
CCL26,CCR2
CCL7,CCR2
CCL13,CCR2
CCL11,CCR2
CCL24,CCR2
CCL16,CCR2
HP,APOA1
TTR,APOA1
JAK2,BRD4
H4C4,BRD4
CGA,TSHR
GPHA2,TSHR
TSHB,TSHR
COMPLEX:CGA_TSHB,TSHR
CD74,CXCR4
GRK5,CXCR4
CXCL12,CXCR4
MIF,CXCR4
CXCL14,CXCR4
TFF2,CXCR4
IL4,IL12RB2
IL1B,IL12RB2
IL12A,IL12RB2
IL12B,IL12RB2
TP53,HSPA8
ESR1,HSPA8
STUB1,HSPA8
SERPINB9,GZMB
IL1A,IL1R1
IL1RN,IL1R1
IL1B,IL1R1
IL1RAP,IL1R1
THBS1,ITGA3
FN1,ITGA3
RELN,ITGA3
LAMA5,ITGA3
LAMB1,ITGA3
LAMC2,ITGA3
DUSP18,ITGA3
CASP8,RIPK3
HSP90AA1,RIPK3
TRAF2,MAP4K5
GJB6,GJB2
GJB2,GJB6
ADAM10,DLL1
ADAM17,DLL1
MFNG,DLL1
PSEN1,DLL1
NOTCH1,WNT1
SFRP2,WNT1
SFRP1,WNT1
DKK1,WNT1
FRZB,WNT1
WNT1,JAG1
MFNG,JAG1
NOTCH1,NOTCH4
JAG2,NOTCH4
DLL1,NOTCH4
ADAM10,NOTCH4
ADAM17,NOTCH4
JAG1,NOTCH4
PSEN1,NOTCH4
DLL4,NOTCH4
DLL3,NOTCH4
TP53,TNFRSF10B
TNFSF10,TNFRSF10B
TNFRSF10A,TNFRSF10B
TP53,APC
KRT1,APC
JAG2,NOTCH2
DLL1,NOTCH2
ADAM10,NOTCH2
ADAM17,NOTCH2
JAG1,NOTCH2
MFNG,NOTCH2
LFNG,NOTCH2
PSEN1,NOTCH2
DLL4,NOTCH2
DLL3,NOTCH2
MDK,NOTCH2
JAG2,NOTCH3
DLL1,NOTCH3
ADAM10,NOTCH3
ADAM17,NOTCH3
JAG1,NOTCH3
PSEN1,NOTCH3
DLL4,NOTCH3
DLL3,NOTCH3
TP53,NLRC4
IL9,IL9R
IL21,IL21R
IL22,IL10RA
IL10,IL10RA
JAK1,EIF2AK3
DNAJC3,EIF2AK3
NR0B2,SIRT1
CD80,CD274
CCL2,CCR1
CCL3L1,CCR1
CCL5,CCR1
CCL8,CCR1
CCL4,CCR1
CCL26,CCR1
CCL14,CCR1
CCL15,CCR1
CCL23,CCR1
CCL3,CCR1
CCL7,CCR1
CCL13,CCR1
CCL11,CCR1
CCL1,CCR1
CCL16,CCR1
CCL4L1,CCR1
CCL18,CCR1
TP53,CASP6
CASP8,CASP6
TNF,TNFRSF1B
LTA,TNFRSF1B
OMG,TNFRSF1B
TNF,TNFRSF21
FLNA,TRAF2
TNFRSF1A,TRAF2
LTBR,TRAF2
CD40,TRAF2
TNFRSF1B,TRAF2
TNFRSF14,TRAF2
TNFRSF11A,TRAF2
ICOSLG,ICOS
TNFSF14,LTBR
LTA,LTBR
LTB,LTBR
TP53,NR3C1
AR,NR3C1
HSP90AA1,NR3C1
TXN,NR3C1
TP53,HMGB1
TJP2,WWTR1
AMOT,WWTR1
TNFSF10,TNFRSF11B
TNFSF11,TNFRSF11B
CASP8,MAP3K14
TRAF2,MAP3K14
TNFSF13B,MAP3K14
LTBR,MAP3K14
SELPLG,SELE
TP53,CX3CL1
TP53,ABCB1
CASP8,PSEN1
PRKCZ,PSEN1
CTNND1,PSEN1
NCSTN,PSEN1
TRAF2,MAP3K7
TLR3,MAP3K7
PTPN6,MAP3K7
TGFBR2,MAP3K7
HMGB1,TLR9
PLA2G6,PTGS1
TP53,TAP1
TNFRSF1A,NSMAF
TRAF2,MAP4K2
APOC2,LPL
TRAF2,MAP2K7
TNFRSF1A,MAP2K7
MAP3K1,MAP2K7
F2,F2RL1
PRSS1,F2RL1
PRTN3,F2RL1
CTSG,F2RL1
ELANE,F2RL1
PLG,F2RL1
TPSAB1,F2RL1
F2,PLAU
SERPINB2,PLAU
SERPINE1,PLAU
SERPINA5,PLAU
SERPINE2,PLAU
TRAF2,TNIK
FLNA,MAP2K4
TRAF2,MAP2K4
TNFRSF1A,MAP2K4
MAP3K1,MAP2K4
FLT4,MAP2K4
EPHB1,MAP2K4
TYRO3,MLKL
GAS6,MERTK
NFKB1,MAP3K8
HMGB1,TLR2
RNASE2,TLR2
GAL,GALR1
GALP,GALR1
NFKB1,BIRC3
TP53,BIRC3
TRAF2,BIRC3
TP53,BIRC5
HSP90AA1,BIRC5
TNFRSF14,TRAF5
TRAF2,BIRC2
TNFRSF1B,BIRC2
PGF,VEGFA
TP53,TRAF4
PRKCZ,AKT2
INS,AKT2
TP53,ADGRB1
TP53,DNMT1
PCNA,DNMT1
TP53,COL18A1
TP53,DDR1
COL1A1,DDR1
TP53,CTSD
ESR1,CTSD
TP53,VCAN
ADAMTS1,VCAN
TP53,ODC1
AR,ODC1
TP53,P2RX6
TP53,PRKAB1
TP53,SCN3B
TP53,SLC38A2
TP53,TNFRSF10C
TNFSF10,TNFRSF10C
TP53,TNFRSF10A
TNFSF10,TNFRSF10A
TP53,BCL6
NCOR1,BCL6
TP53,LGALS3
MUC1,LGALS3
TP53,PADI4
TP53,LATS2
TP53,TNFRSF10D
TNFSF10,TNFRSF10D
TP53,RRM2B
TP53,RRM2
HSPBP1,HSPA1B
TP53,HSPA1A
HSPBP1,HSPA1A
PSMC3,CDKN2A
IGF2,IGF2R
GZMB,IGF2R
TNC,COMPLEX:ITGAV_ITGB3
SPP1,COMPLEX:ITGAV_ITGB3
MFGE8,COMPLEX:ITGAV_ITGB3
COMPLEX:LAMA3_LAMB3_LAMC2,COMPLEX:ITGA6_ITGB4
SEMA3F,PLXNA3
WNK3,WNK1
PTHLH,PTH1R
PTH2,PTH1R
PTH,PTH1R
MDK,ALK
PTN,ALK
PTPRZ1,ALK
PTPRB,ALK
CBL,CSF1R
CSF1,CSF1R
IL34,CSF1R
NTF3,NTRK3
CCL2,CCR3
CCL3L1,CCR3
CXCL9,CCR3
CCL5,CCR3
CCL8,CCR3
CCL4,CCR3
CXCL10,CCR3
CXCL11,CCR3
CCL26,CCR3
CCL14,CCR3
CCL15,CCR3
CCL3,CCR3
CCL7,CCR3
CCL13,CCR3
CCL11,CCR3
CCL24,CCR3
CCL4L1,CCR3
CCL28,CCR3
CCL18,CCR3
CCL2,CCR4
CCL5,CCR4
CCL3,CCR4
CCL17,CCR4
CCL22,CCR4
CXCL1,ACKR1
CCL8,ACKR2
CCL19,ACKR2
CCL21,ACKR2
CCL25,ACKR2
CCL13,ACKR2
CCL28,ACKR2
CCL2,CCR10
CCL19,CCR10
CCL25,CCR10
CCL7,CCR10
CCL27,CCR10
CXCL13,CCR10
CCL28,CCR10
CCL8,ACKR4
CCL19,ACKR4
CCL21,ACKR4
CCL25,ACKR4
CCL13,ACKR4
CCL4,CCR8
CCL17,CCR8
CCL1,CCR8
CCL16,CCR8
CCL18,CCR8
CXCL6,CXCR1
CXCL8,CXCR1
CXCL1,CXCR1
CXCL2,CXCR1
CXCL3,CXCR1
CXCL5,CXCR1
PPBP,CXCR1
CXCL9,CXCR3
CCL5,CXCR3
CCL8,CXCR3
CXCL10,CXCR3
CXCL11,CXCR3
CXCL12,CXCR3
CCL19,CXCR3
CCL21,CXCR3
CCL7,CXCR3
CCL13,CXCR3
CCL11,CXCR3
CCL20,CXCR3
CXCL13,CXCR3
PF4V1,CXCR3
PF4,CXCR3
CXCL16,CXCR6
DEFB4A,CCR6
CCL20,CCR6
CCL26,CX3CR1
CX3CL1,CX3CR1
CXCL2,XCR1
XCL1,XCR1
XCL2,XCR1
CCL3,CXCR5
CXCL13,CXCR5
CXCL6,CXCR2
CXCL8,CXCR2
CXCL1,CXCR2
CXCL2,CXCR2
CXCL3,CXCR2
CXCL5,CXCR2
PPBP,CXCR2
MIF,CXCR2
CCL25,CCR9
MMP14,F12
MMP13,F12
MMP12,F12
F2,FGA
F2,FGG
MMP3,ACAN
MMP20,ACAN
MMP8,ACAN
ADAMTS5,ACAN
MMP19,ACAN
ADAMTS4,ACAN
INHBA,COMPLEX:ACVR1B_ACVR2B
NODAL,COMPLEX:ACVR1B_ACVR2B
MSTN,COMPLEX:ACVR1B_ACVR2B
NODAL,COMPLEX:ACVR1C_ACVR2B
INHBA,COMPLEX:ACVR1B_ACVR2A
NODAL,COMPLEX:ACVR1C_ACVR2A
INHBA,ACVR2B
BMP7,ACVR2B
BMP2,ACVR2B
GDF5,ACVR2B
BMP6,ACVR2B
GDF11,ACVR2B
NODAL,ACVR2B
GDF2,ACVR2B
MSTN,ACVR2B
INHBB,ACVR2B
INHA,ACVR2B
INHBE,ACVR2B
INHBC,ACVR2B
LEFTY2,ACVR2B
INHBA,ACVR1B
ACVR2B,ACVR1B
CRIPTO,ACVR1B
ACTR2,ACVR1B
GDF11,ACVR1B
NODAL,ACVR1B
ACVR2A,ACVR1B
INHBB,ACVR1B
INHBC,ACVR1B
INHBA,ACVR2A
BMP7,ACVR2A
BMP2,ACVR2A
GDF5,ACVR2A
BMP6,ACVR2A
CRIPTO,ACVR2A
GDF11,ACVR2A
NODAL,ACVR2A
GDF2,ACVR2A
INHBB,ACVR2A
BMP10,ACVR2A
INHA,ACVR2A
GDF7,ACVR2A
GDF9,ACVR2A
INHBE,ACVR2A
INHBC,ACVR2A
INHBA,ACVR1
BMP7,ACVR1
BMP2,ACVR1
TGFBR1,ACVR1
BMPR2,ACVR1
ACVR2B,ACVR1
AMH,ACVR1
BMP6,ACVR1
BMP8B,ACVR1
GDF2,ACVR1
ACVR2A,ACVR1
INHBB,ACVR1
BMP10,ACVR1
INHBC,ACVR1
BMP7,BMPR1A
BMP2,BMPR1A
BMPR2,BMPR1A
GDF5,BMPR1A
ACVR2B,BMPR1A
BAMBI,BMPR1A
BMP6,BMPR1A
GDF6,BMPR1A
BMP4,BMPR1A
BMP8B,BMPR1A
NOG,BMPR1A
BMP10,BMPR1A
BMP5,BMPR1A
GDF7,BMPR1A
GDF9,BMPR1A
BMP7,BMPR2
BMP2,BMPR2
BMP15,BMPR2
GDF5,BMPR2
BMP6,BMPR2
GDF6,BMPR2
BMP4,BMPR2
GDF2,BMPR2
NOG,BMPR2
BMP10,BMPR2
GDF7,BMPR2
GDF9,BMPR2
BMP7,BMPR1B
BMP2,BMPR1B
BMP15,BMPR1B
ROR2,BMPR1B
BMPR2,BMPR1B
GDF5,BMPR1B
ACVR2B,BMPR1B
BAMBI,BMPR1B
BMP6,BMPR1B
BMP4,BMPR1B
BMPR1A,BMPR1B
BMP10,BMPR1B
GDF9,BMPR1B
HSP90AA1,TGFBR1
TGFBR2,TGFBR1
TGFB1,TGFBR1
TGFB3,TGFBR1
TGFB2,TGFBR1
BAMBI,TGFBR1
GDF9,TGFBR1
ACVR2B,ACVR1C
NODAL,ACVR1C
INHBB,ACVR1C
PCNA,NCR2
KMT2E,NCR2
EPHB2,NRCAM
CNTN1,NRCAM
EPHB1,NRCAM
NFASC,NRCAM
PRKCZ,MAPK10
ARRB2,MAPK10
CTSL,CD74
HLA-DMA,CD74
HLA-DMB,CD74
MIF,CD74
APP,FPR2
ANXA1,FPR2
MT-RNR2,FPR2
SAA1,FPR2
SEMA3A,PLXNA4
RELN,VLDLR
APOE,VLDLR
TFPI,VLDLR
LRPAP1,VLDLR
LAMA2,RPSA
LAMA1,RPSA
LAMB2,RPSA
PRND,RPSA
HMGB1,AGER
S100A8,AGER
S100A9,AGER
APOE,SORL1
COL18A1,GPC1
SLIT2,GPC1
SLIT1,GPC1
GRK2,ADRA2A
SERPINC1,F9
F7,F9
CD40LG,CD40
LTB,CD40
VWF,GP1BA
FN1,COMPLEX:ITGA5_ITGB1
CCN2,COMPLEX:ITGA5_ITGB1
COL1A1,COMPLEX:ITGA1_ITGB1
SEMA7A,COMPLEX:ITGA1_ITGB1
COL4A6,COMPLEX:ITGA1_ITGB1
COL4A3,COMPLEX:ITGA1_ITGB1
COL4A4,COMPLEX:ITGA1_ITGB1
COL4A5,COMPLEX:ITGA1_ITGB1
COL4A2,COMPLEX:ITGA1_ITGB1
COL4A1,COMPLEX:ITGA1_ITGB1
COL1A2,COMPLEX:ITGA1_ITGB1
TGFBI,COMPLEX:ITGA3_ITGB1
COMPLEX:LAMA1_LAMB1_LAMC1,COMPLEX:ITGA6_ITGB1
ADAM9,ITGAV
FN1,ITGAV
VTN,ITGAV
TNC,ITGAV
SPP1,ITGAV
COL4A1,ITGAV
ICAM4,ITGAV
IL1A,IL1RAP
IL1B,IL1RAP
IL1RL1,IL1RAP
IL33,IL1RAP
IL18,IL1RAPL1
CCND1,SUV39H1
CDK4,SUV39H1
RPL11,TRRAP
RPL11,NCL
PRKCZ,NCL
THBS1,CD47
THBS2,CD47
NTN3,NEO1
NTN1,NEO1
RGMA,NEO1
HSPD1,PRNP
HSP90AA1,SMYD2
INHBA,BAMBI
TGFBR1,TGFBR3
TGFBR2,TGFBR3
TGFB1,TGFBR3
TGFB3,TGFBR3
TGFB2,TGFBR3
INHA,TGFBR3
HRAS,PLCE1
HRAS,AFDN
BCR,YWHAQ
YWHAZ,YWHAQ
MST1R,YWHAQ
SFN,YWHAQ
HSP90AA1,MOS
ADGRV1,ADCY6
GNAI2,ADCY6
GNAI1,ADCY6
GNAI3,ADCY6
GNAS,ADCY6
ADGRV1,USH2A
ADGRV1,VEZT
WNT1,RYK
WNT5A,RYK
WNT3A,RYK
WNT3,RYK
WNT1,LRP5
DKK1,LRP5
FZD8,LRP5
WNT3A,LRP5
WNT2,LRP5
WNT8A,LRP5
WNT10B,LRP5
WNT6,LRP5
WNT7B,LRP5
WNT2B,LRP5
WNT9A,LRP5
WNT9B,LRP5
APOE,LRP5
SOST,LRP5
DKK4,LRP5
WNT1,FZD8
WNT5A,FZD8
RYK,FZD8
WNT3A,FZD8
WNT2,FZD8
WNT3,FZD8
WNT8A,FZD8
WNT5B,FZD8
WNT1,FZD3
WNT5A,FZD3
WNT4,FZD3
WNT3A,FZD3
WNT2,FZD3
WNT11,FZD3
WNT5B,FZD3
SFRP1,FZD6
WNT5A,FZD6
WNT4,FZD6
WNT3A,FZD6
WNT1,FZD1
WNT5A,FZD1
WNT3A,FZD1
WNT2,FZD1
WNT3,FZD1
WNT10B,FZD1
WNT6,FZD1
WNT7B,FZD1
LRP1,FZD1
WNT5A,ROR2
GDF5,ROR2
WNT1,FZD9
WNT2,FZD9
WNT7A,FZD9
SFRP2,FZD5
WNT5A,FZD5
ROR2,FZD5
WNT3A,FZD5
WNT2,FZD5
WNT7A,FZD5
WNT10B,FZD5
WNT9B,FZD5
WNT5A,FZD7
WNT3A,FZD7
WNT2,FZD7
WNT3,FZD7
WNT7A,FZD7
WNT8A,FZD7
WNT11,FZD7
WNT7A,FZD10
WNT7B,FZD10
SFRP1,FZD2
WNT5A,FZD2
ROR2,FZD2
WNT4,FZD2
WNT3A,FZD2
WNT2,FZD2
ZNRF3,FZD2
WNT5A,FZD4
NDP,FZD4
WNT2,FZD4
WNT7B,FZD4
WNT2B,FZD4
SEMA4D,PLXNB1
MMP7,MMP1
TIMP1,MMP1
AGT,AGTR2
AR,NCOR1
EGF,COMPLEX:EGFR_ERBB2
LRFN5,PTPRD
DKK1,WNT3A
PORCN,WNT3A
WLS,WNT3A
FRZB,WNT5A
DKK1,WNT6
CDH1,COMPLEX:ITGAE_ITGB7
COL1A1,COMPLEX:ITGA2_ITGB1
COL2A1,COMPLEX:ITGA2_ITGB1
COL4A6,COMPLEX:ITGA2_ITGB1
COL21A1,COMPLEX:ITGA2_ITGB1
COL4A3,COMPLEX:ITGA2_ITGB1
COL4A4,COMPLEX:ITGA2_ITGB1
COL4A2,COMPLEX:ITGA2_ITGB1
COL4A1,COMPLEX:ITGA2_ITGB1
CDH1,ITGAE
NPPA,VASP
LPP,VASP
ZYX,VASP
ARF1,PIP5K1A
ARF6,PIP5K1A
FN1,ITGA2
COL1A1,ITGA2
COL2A1,ITGA2
COL4A1,ITGA2
COL1A2,ITGA2
HSPG2,ITGA2
LAMA1,ITGA2
CHAD,ITGA2
LAMA5,CD151
LAMB1,CD151
DUSP18,CD151
SEMA5A,PLXNB3
VEGFA,NRP1
FGF2,NRP1
L1CAM,NRP1
SEMA3B,NRP1
SEMA3A,NRP1
PGF,NRP1
FGA,ITGAX
ICAM1,ITGAX
PSPN,GFRA4
GDNF,GFRA2
NRTN,GFRA2
ARTN,GFRA3
AR,CYP3A5
AR,ANO7
AR,CASP2
AR,KLK4
AR,STEAP4
AR,TMPRSS2
AR,SCNN1A
AR,DDC
AR,PGC
ESR1,NCOA2
AR,NR5A1
ZNF653,NR5A1
SMO,GNB1
TBXA2R,GNB1
TRH,TRHR
PROK1,PROKR1
PROK2,PROKR1
CASP8,PSEN2
NCSTN,PSEN2
NEO1,HJV
TMPRSS6,HJV
SMO,GNB3
CDKN2A,KAT5
GPC3,SHH
PRKCI,ECT2
PRKCI,PARD3
PRKCZ,PARD3
NECTIN3,PARD3
PRKCZ,MARK2
PRKCZ,MARK3
FBXO45,PAWR
ERBIN,NOD2
HSP90AA1,PPP5C
GNA13,PPP5C
HSP90AA1,AHR
PRKCZ,CHAT
PRKCZ,AQP9
GNAI2,ADCY5
GNAI1,ADCY5
GNAI3,ADCY5
GNAS,ADCY5
GSN,FN1
HGF,FN1
THBS1,FN1
TNC,FN1
CCN2,FN1
FBLN1,FN1
BMP1,COL1A1
CTNNB1,DAPK2
EPO,DAPK2
CTNNB1,NR4A2
TSHR,SCRIB
TLN1,COMPLEX:ITGA2B_ITGB3
VWF,COMPLEX:ITGA2B_ITGB3
VCAM1,COMPLEX:ITGA4_ITGB1
FN1,COMPLEX:ITGAV_ITGB6
ICAM3,COMPLEX:ITGAD_ITGB2
COL1A1,COMPLEX:ITGA11_ITGB1
COL1A2,COMPLEX:ITGA11_ITGB1
TNC,COMPLEX:ITGA9_ITGB1
SPP1,COMPLEX:ITGA9_ITGB1
FN1,COMPLEX:ITGA8_ITGB1
VTN,COMPLEX:ITGA8_ITGB1
TNC,COMPLEX:ITGA8_ITGB1
NPNT,COMPLEX:ITGA8_ITGB1
COL2A1,COMPLEX:ITGA10_ITGB1
THBS1,ITGA2B
FN1,ITGA2B
COL2A1,ITGA2B
VWF,ITGA2B
COL1A2,ITGA2B
ICAM4,ITGA2B
WNT5A,NLK
WNT5A,ROR1
APOB,LDLR
APOE,LDLR
PF4,LDLR
PCSK9,LDLR
EFNA1,EPHA7
EFNA2,EPHA7
EFNA5,EPHA7
EFNA3,EPHA7
EFNA4,EPHA7
CLU,LRP2
AGT,LRP2
AVP,AQP2
POMC,OPRK1
PDYN,OPRK1
PENK,OPRK1
IL22,IL10RB
IL10,IL10RB
IL26,IL10RB
IFNL1,IL10RB
IFNL2,IL10RB
IFNL3,IL10RB
IL22,IL20RA
IL24,IL20RA
IL20,IL20RA
IL26,IL20RA
IL19,IL20RA
IL22,IL22RA2
IL22,IL22RA1
IL24,IL22RA1
IL20,IL22RA1
EFNB2,EPHB4
EFNB1,EPHB4
COMPLEX:IL12B_IL23A,IL12RB1
IL12A,IL12RB1
IL23A,IL12RB1
IL12B,IL12RB1
IL23A,COMPLEX:IL12RB1_IL23R
TIMD4,HAVCR1
TRAF2,NR2C2
IL10RB,IFNLR1
IFNL1,IFNLR1
IFNL2,IFNLR1
IFNL3,IFNLR1
CD70,CD27
LBP,CD14
PTPN6,ROS1
HLA-G,KLRD1
HLA-E,KLRD1
HLA-C,KLRD1
HLA-A,KLRD1
HLA-B,KLRD1
TNFSF14,TNFRSF14
LTA,TNFRSF14
ESR1,CXCL12
B2M,HLA-E
IFNB1,COMPLEX:IFNAR1_IFNAR2
IFNA13,COMPLEX:IFNAR1_IFNAR2
IFNW1,COMPLEX:IFNAR1_IFNAR2
COMPLEX:TLR2_TLR6,TIRAP
TLR4,TIRAP
BTK,TIRAP
TLR2,TIRAP
CCN2,ITGAM
ICAM4,ITGAM
CCN1,ITGAM
CRP,OLR1
STUB1,LRRK2
IL4,IL13RA1
IL13,IL13RA1
ESR1,RARA
NR0B2,RARA
CCL5,GPR75
CCL19,CCRL2
TNFSF4,TNFRSF4
BMP7,COMPLEX:ACVR1_BMPR2
BMP6,COMPLEX:ACVR1_BMPR2
BMP8B,COMPLEX:ACVR1_BMPR2
BMP8A,COMPLEX:ACVR1_BMPR2
BMP5,COMPLEX:ACVR1_BMPR2
BMP7,COMPLEX:BMPR1A_BMPR1B_BMPR2
BMP2,COMPLEX:BMPR1A_BMPR1B_BMPR2
BMP4,COMPLEX:BMPR1A_BMPR1B_BMPR2
NOG,COMPLEX:BMPR1A_BMPR1B_BMPR2
BMP7,COMPLEX:BMPR1A_BMPR2
BMP2,COMPLEX:BMPR1A_BMPR2
GDF5,COMPLEX:BMPR1A_BMPR2
BMP6,COMPLEX:BMPR1A_BMPR2
GDF6,COMPLEX:BMPR1A_BMPR2
BMP4,COMPLEX:BMPR1A_BMPR2
BMP8B,COMPLEX:BMPR1A_BMPR2
BMP8A,COMPLEX:BMPR1A_BMPR2
BMP5,COMPLEX:BMPR1A_BMPR2
GDF7,COMPLEX:BMPR1A_BMPR2
BMP7,COMPLEX:BMPR1B_BMPR2
BMP2,COMPLEX:BMPR1B_BMPR2
BMP15,COMPLEX:BMPR1B_BMPR2
GDF5,COMPLEX:BMPR1B_BMPR2
BMP6,COMPLEX:BMPR1B_BMPR2
GDF6,COMPLEX:BMPR1B_BMPR2
BMP4,COMPLEX:BMPR1B_BMPR2
BMP8B,COMPLEX:BMPR1B_BMPR2
BMP8A,COMPLEX:BMPR1B_BMPR2
BMP5,COMPLEX:BMPR1B_BMPR2
GDF7,COMPLEX:BMPR1B_BMPR2
BMP7,COMPLEX:ACVR1_ACVR2B
BMP6,COMPLEX:ACVR1_ACVR2B
BMP8B,COMPLEX:ACVR1_ACVR2B
BMP8A,COMPLEX:ACVR1_ACVR2B
BMP5,COMPLEX:ACVR1_ACVR2B
BMP7,COMPLEX:ACVR2B_BMPR1A
BMP2,COMPLEX:ACVR2B_BMPR1A
GDF5,COMPLEX:ACVR2B_BMPR1A
BMP6,COMPLEX:ACVR2B_BMPR1A
GDF6,COMPLEX:ACVR2B_BMPR1A
BMP4,COMPLEX:ACVR2B_BMPR1A
BMP8B,COMPLEX:ACVR2B_BMPR1A
BMP8A,COMPLEX:ACVR2B_BMPR1A
BMP5,COMPLEX:ACVR2B_BMPR1A
GDF7,COMPLEX:ACVR2B_BMPR1A
BMP7,COMPLEX:ACVR2B_BMPR1B
BMP2,COMPLEX:ACVR2B_BMPR1B
GDF5,COMPLEX:ACVR2B_BMPR1B
BMP6,COMPLEX:ACVR2B_BMPR1B
GDF6,COMPLEX:ACVR2B_BMPR1B
BMP4,COMPLEX:ACVR2B_BMPR1B
BMP8B,COMPLEX:ACVR2B_BMPR1B
BMP8A,COMPLEX:ACVR2B_BMPR1B
BMP5,COMPLEX:ACVR2B_BMPR1B
GDF7,COMPLEX:ACVR2B_BMPR1B
BMP7,COMPLEX:ACVR1_ACVR2A
BMP6,COMPLEX:ACVR1_ACVR2A
BMP8B,COMPLEX:ACVR1_ACVR2A
BMP8A,COMPLEX:ACVR1_ACVR2A
BMP5,COMPLEX:ACVR1_ACVR2A
BMP7,COMPLEX:ACVR2A_BMPR1A
BMP2,COMPLEX:ACVR2A_BMPR1A
GDF5,COMPLEX:ACVR2A_BMPR1A
BMP6,COMPLEX:ACVR2A_BMPR1A
GDF6,COMPLEX:ACVR2A_BMPR1A
BMP4,COMPLEX:ACVR2A_BMPR1A
BMP8B,COMPLEX:ACVR2A_BMPR1A
BMP8A,COMPLEX:ACVR2A_BMPR1A
BMP5,COMPLEX:ACVR2A_BMPR1A
GDF7,COMPLEX:ACVR2A_BMPR1A
BMP7,COMPLEX:ACVR2A_BMPR1B
BMP2,COMPLEX:ACVR2A_BMPR1B
GDF5,COMPLEX:ACVR2A_BMPR1B
BMP6,COMPLEX:ACVR2A_BMPR1B
GDF6,COMPLEX:ACVR2A_BMPR1B
BMP4,COMPLEX:ACVR2A_BMPR1B
BMP8B,COMPLEX:ACVR2A_BMPR1B
BMP8A,COMPLEX:ACVR2A_BMPR1B
BMP5,COMPLEX:ACVR2A_BMPR1B
GDF7,COMPLEX:ACVR2A_BMPR1B
TGFBR1,ACVRL1
ACVR2B,ACVRL1
BAMBI,ACVRL1
GDF2,ACVRL1
BMP10,ACVRL1
AMH,AMHR2
BMP6,AMHR2
IL6,COMPLEX:IL6R_IL6ST
OXT,OXTR
AVP,OXTR
IL31,COMPLEX:IL31RA_OSMR
OSM,COMPLEX:IL6ST_OSMR
LIF,COMPLEX:IL6ST_LIFR
OSM,COMPLEX:IL6ST_LIFR
CTF1,COMPLEX:IL6ST_LIFR
IL11,COMPLEX:IL11RA_IL6ST
GRK2,SMO
SHH,SMO
PTCH1,SMO
PTCH2,SMO
PTPRG,LIMK1
H2AX,KAT2A
CDK4,KAT2A
CGA,FSHR
FSHB,FSHR
FGFR2,PGR
TNC,ITGA7
LAMA2,ITGA7
LAMA1,ITGA7
PCOLCE,BMP1
IL1A,IL1R2
IL1RN,IL1R2
IL1B,IL1R2
IL1A,COMPLEX:IL1R1_IL1RAP
IL1B,COMPLEX:IL1R1_IL1RAP
CTSG,C3
CFI,C3
COMPLEX:C3_CFB,C3
F2,THBD
PF4,THBD
HSP90AB1,KEAP1
DKK1,KREMEN1
DKK1,KREMEN2
AGRN,LRP4
COMPLEX:F3_F7,F7
F9,F7
HPN,F7
F2,F8
VWF,F8
SERPINC1,F10
F7,F10
TFPI,F10
F2,F5
ELANE,F5
F2,F2RL3
F2,GP9
F2,PROC
SERPINA5,PROC
EDN1,EDNRA
EDN2,EDNRA
FGA,PLAT
PLAU,PLAT
SERPINE1,PLAT
SERPINA5,PLAT
ANXA2,PLAT
RPS19,C5AR1
ANXA1,FPR1
GRK2,FPR1
NTN1,UNC5B
EDN1,EDNRB
EDN3,EDNRB
GRK2,OPRD1
POMC,OPRD1
PDYN,OPRD1
PENK,OPRD1
GNAS,ADCY9
CGA,LHCGR
CGB8,LHCGR
LHB,LHCGR
GNAS,ADCY4
GNB2,ADCY2
GNAS,ADCY2
GNB1,PLCB3
ANXA1,FPR3
MT-RNR2,FPR3
HEBP1,FPR3
HNRNPK,ALOX15
TNFSF14,TNFRSF6B
FASLG,TNFRSF6B
TNFSF15,TNFRSF6B
TNFSF13B,TNFRSF13C
TNFSF13B,TNFRSF13B
TNFSF13,TNFRSF13B
TNFSF13B,TNFRSF17
TNFSF13,TNFRSF17
RTN4,TNFRSF19
SHANK1,ADGRL1
RSPO1,LGR4
RSPO2,LGR4
RSPO3,LGR4
RSPO4,LGR4
ESR1,EBAG9
ESR1,SLC2A1
STOM,SLC2A1
NTN1,DSCAM
F2R,GNA13
SLC52A2,GNA13
LPAR3,GNA13
S1PR3,GNA13
LPAR1,GNA13
TBXA2R,GNA13
ADGRG1,GNA13
NR0B2,ESRRG
CTNND1,CDH3
ROR2,MAGED1
MAPT,TUBB3
IL13,IL13RA2
SELPLG,SELP
CD24,SELP
SYK,PIP5K1B
GNB2,KCNJ3
GNB2,CACNA1B
SYT1,STX3
ULBP2,KLRK1
MICB,KLRK1
ULBP3,KLRK1
RAET1E,KLRK1
ULBP1,KLRK1
RAET1L,KLRK1
RAET1G,KLRK1
ITGB1,KCNH2
LIF,LIFR
OSM,LIFR
CTF1,LIFR
CLCF1,LIFR
FAM3C,LIFR
IL24,IL20RB
IL20,IL20RB
IL19,IL20RB
CLCF1,CNTFR
CRLF1,CNTFR
IL11,IL11RA
SYK,IL15RA
IL15,IL15RA
NCOR1,PPARA
HUWE1,PPARA
NR0B2,PPARA
SIL1,HSPA5
VCAM1,ITGAD
COL4A1,ITGA1
COL2A1,ITGA10
COL1A1,ITGA11
COL1A2,ITGA11
FN1,ITGA8
VTN,ITGA8
NPNT,ITGA8
FAM20C,PCSK9
PF4,PROCR
ITGB1,ILK
ITGB3,ILK
GRK2,SLC9A5
ARRB2,SLC9A5
NTS,NTSR1
GRK2,ADIPOR1
ADIPOQ,ADIPOR1
GRK2,MC4R
POMC,MC4R
AGRP,MC4R
ASIP,MC4R
GRK2,STK3
PNOC,OPRL1
GRK2,CHRM2
NPFF,NPFFR2
NPVF,NPFFR2
TAC1,TACR1
TAC3,TACR1
TAC4,TACR1
ADM,GPR182
SST,SSTR5
CORT,SSTR5
HMGN2,PBRM1
IL1RL1,IRAK4
TGFBR1,FNTA
VEGFA,NRP2
VEGFD,NRP2
SEMA3B,NRP2
VEGFC,NRP2
SEMA3C,NRP2
SEMA3F,NRP2
PTGS2,PTGDR2
PTPN11,MAP3K4
GNRH1,GNRHR
GNRH2,GNRHR
TNFSF9,TNFRSF9
TNFSF18,TNFRSF18
HUWE1,MFN2
AGT,REN
CFD,CFB
EPHB2,SYNJ1
CXCL11,ACKR3
CXCL12,ACKR3
TGFB1,COMPLEX:TGFBR1_TGFBR2
TGFB1,COL2A1
MMP1,COL2A1
MMP13,COL2A1
FAM20C,P4HB
SFTPA1,SFTPA2
HLA-G,LILRB1
NR0B2,NR5A2
NR0B2,RXRB
NR0B2,NR1I2
NR0B2,THRA
NR0B2,RARB
NR0B2,NR1H2
NR0B2,NR1H3
NR0B2,ESRRB
NR0B2,ESRRA
H4C4,BRDT
H4C4,BRD2
SHH,PTCH1
DHH,PTCH1
IHH,PTCH1
SHH,PTCH2
DHH,PTCH2
IHH,PTCH2
SHH,HHIP
DHH,HHIP
IHH,HHIP
SHH,BOC
SHH,CDON
CDH2,CDON
CDH15,CDON
NTN3,CDON
CARD11,MALT1
RSPO1,LGR5
RSPO2,LGR5
RSPO3,LGR5
RSPO4,LGR5
IL1R1,IRAK2
IL36A,IL1RL2
IL36RN,IL1RL2
IL27,IL27RA
EBI3,IL27RA
FGFR1,AMOTL2
IL37,SIGIRR
CALR,SCARF1
IL12B,COMPLEX:IL12RB1_IL12RB2
IL31,IL31RA
AMH,COMPLEX:AMHR2_BMPR1A
AMH,COMPLEX:ACVR1_AMHR2
AMH,COMPLEX:AMHR2_BMPR1B
ADM,RAMP1
ADM2,RAMP1
CALCA,RAMP1
CALCB,RAMP1
IAPP,RAMP1
EFNA1,EPHA6
EFNA2,EPHA6
EFNA5,EPHA6
EFNA3,EPHA6
EFNA4,EPHA6
EFNA1,EPHA8
EFNA2,EPHA8
EFNA5,EPHA8
EFNA3,EPHA8
EFNA4,EPHA8
EFNA1,EPHA5
EFNA2,EPHA5
EFNA5,EPHA5
EFNA3,EPHA5
EFNA4,EPHA5
EFNB1,EPHB6
EFNB3,EPHB3
EFNB2,EPHB3
EFNB1,EPHB3
PARD3,PATJ
TSPAN33,ADAM10
HLA-G,KIR3DL1
HLA-A,KIR3DL1
HLA-F,KIR3DL1
HLA-B,KIR3DL1
IL33,IL1RL1
GHRL,GHSR
CORT,GHSR
LEAP2,GHSR
WNK3,SLC12A5
FGFR3,CILK1
NLGN1,NRXN3
NLGN2,NRXN3
NLGN3,NRXN3
NXPH1,NRXN3
NXPH3,NRXN3
NLGN1,NRXN2
NLGN2,NRXN2
NLGN3,NRXN2
NXPH1,NRXN2
NXPH3,NRXN2
SEMA4D,PLXNB2
DDR1,TM4SF1
PARD3,JAM2
PARD3,JAM3
OXT,AVPR2
AVP,AVPR2
OXT,AVPR1B
AVP,AVPR1B
OXT,AVPR1A
AVP,AVPR1A
ADM,CALCRL
ADM2,CALCRL
CALCA,CALCRL
CALCB,CALCRL
ADM,RAMP2
ADM2,RAMP2
CALCA,RAMP2
CALCB,RAMP2
IAPP,RAMP2
ADM,RAMP3
ADM2,RAMP3
CALCA,RAMP3
CALCB,RAMP3
IAPP,RAMP3
ADM,MRGPRX2
TAC1,MRGPRX2
CORT,MRGPRX2
GRP,GRPR
NMB,GRPR
GRP,BRS3
NMB,NMBR
APLN,APLNR
APELA,APLNR
RARRES2,CMKLR2
AGT,MAS1
KNG1,BDKRB1
RLN3,RXFP4
INSL5,RXFP4
KNG1,GPR135
CCK,CCKAR
SERPINE1,ELANE
SLPI,ELANE
PTDSS1,SCARB1
THBS1,LTBP1
RARRES2,CMKLR1
CRH,CRHR2
UCN,CRHR2
UCN2,CRHR2
UCN3,CRHR2
POMC,MC2R
ASIP,MC2R
LIPH,LPAR2
POMC,MC1R
AGRP,MC1R
ASIP,MC1R
POMC,MC3R
AGRP,MC3R
ASIP,MC3R
POMC,MC5R
AGRP,MC5R
ASIP,MC5R
PENK,MRGPRX1
PENK,OGFR
EDA,EDAR
EDA,EDA2R
NPPA,NPR3
NPPB,NPR3
NPPC,NPR3
OSTN,NPR3
NTN4,UNC5A
GAL,GALR2
SPX,GALR2
GALP,GALR2
GAL,GALR3
SPX,GALR3
GALP,GALR3
GCG,GCGR
GIP,GIPR
GDF15,GFRAL
MLN,MLNR
GHRH,GHRHR
NPPA,NPR1
NPPB,NPR1
NPPB,NPR2
NPPC,NPR2
CCL16,HRH4
RSPO1,LGR6
RSPO2,LGR6
RSPO3,LGR6
RSPO4,LGR6
RSPO1,RNF43
KISS1,KISS1R
PMCH,MCHR1
PMCH,MCHR2
ASIP,ATRN
TAC1,TACR2
TAC3,TACR2
TAC1,TACR3
TAC3,TACR3
NMS,NMUR1
NMU,NMUR1
NMS,NMUR2
NMU,NMUR2
ADCYAP1,VIPR2
VIP,VIPR2
VEGFC,VIPR2
NPB,NPBWR1
NPW,NPBWR1
NPB,NPBWR2
NPW,NPBWR2
SST,SSTR4
CORT,SSTR4
SST,SSTR1
CORT,SSTR1
SST,SSTR2
CORT,SSTR2
SST,SSTR3
CORT,SSTR3
NPFF,NPFFR1
NPVF,NPFFR1
NPS,NPSR1
NTS,NTSR2
HCRT,HCRTR2
SERPINF1,PNPLA2
PROK1,PROKR2
PROK2,PROKR2
PRLH,PRLHR
NPY,PRLHR
NPY,NPY2R
PYY,NPY2R
NPY,NPY4R
PPY,NPY4R
PYY,NPY4R
NPY,NPY5R
PPY,NPY5R
PYY,NPY5R
NPY,NPY1R
PYY,NPY1R
QRFP,QRFPR
QRFP,P2RY14
RLN2,RXFP1
RLN1,RXFP1
RLN3,RXFP1
INSL3,RXFP1
RLN2,RXFP2
RLN1,RXFP2
RLN3,RXFP2
INSL3,RXFP2
RLN2,RXFP3
RLN3,RXFP3
INSL5,RXFP3
UTS2,UTS2R
UTS2B,UTS2R
SYT1,STX1A
NLGN1,NRXN1
NLGN4X,NRXN1
NLGN2,NRXN1
NLGN3,NRXN1
NXPH1,NRXN1
NXPH3,NRXN1
NRCAM,ANK2
IL17A,IL17RC
IL17F,IL17RC
SLIT2,ROBO4
SEMA3E,PLXND1
HLA-C,KIR2DL1
HLA-E,KLRC2
HLA-G,KLRC1
HLA-E,KLRC1
WNK3,SLC12A6
GDF2,COMPLEX:ACVR2A_ACVRL1
BMP10,COMPLEX:ACVR2A_ACVRL1
GDF2,COMPLEX:ACVRL1_BMPR2
BMP10,COMPLEX:ACVRL1_BMPR2
CD55,ADGRE5
FGF12,SCN1A
FGF13,SCN2A
TTN,OBSCN
CLCF1,CRLF1
SEMA7A,PLXNC1
LNX1,CLDN17
LNX1,KCNA4
OMG,LINGO1
RTN4,LINGO1
RTN4,RTN4R
VCP,DERL1
AMFR,HMGCR
F12,KLKB1
PMP22,MPZ
IL17A,COMPLEX:IL17RA_IL17RC
IL17A,IL17RA
IL17F,IL17RA
HLA-G,KIR2DL4
HLA-A,KIR3DL2
HLA-F,KIR3DL2
HLA-B,KIR3DL2
HLA-C,KIR2DS1
HLA-C,KIR2DS4
HLA-A,KIR2DS4
HLA-F,KIR2DS4
HLA-C,KIR2DL2
TNFSF15,TNFRSF25
SLIT2,ROBO2
SLIT1,ROBO2
SLIT3,ROBO2
SLIT2,ROBO1
NCAM1,ROBO1
SLIT1,ROBO1
SLIT3,ROBO1
GPI,AMFR
BAG6,NCR3
NCR3LG1,NCR3
ADIPOQ,ADIPOR2
SERPING1,C1S
HAMP,SLC40A1
FSTL1,DIP2A
NTNG1,LRRC4C
TNFSF12,TNFRSF12A
TNFSF8,TNFRSF8
NTNG2,LRRC4
PKP2,DSP
IL18,IL18R1
IL37,IL18R1
IL18,IL18RAP
IL17B,IL17RB
IL25,IL17RB
LIPH,LPAR4
IL17C,IL17RE
HLA-C,KIR2DS2
HLA-A,KIR2DS2
CD9,IGSF8
FGF23,PHEX
HLA-B,KIR3DS1
CXCL17,GPR35
ENHO,GPR19
GPR15LG,GPR15
